"name","clone_url","open_issues","url"
"development-process","https://github.com/byuitechops/development-process.git",9,"https://github.com/byuitechops/development-process"
"math-equation-regex-generator","https://github.com/byuitechops/math-equation-regex-generator.git",0,"https://github.com/byuitechops/math-equation-regex-generator"
"template-changer","https://github.com/byuitechops/template-changer.git",9,"https://github.com/byuitechops/template-changer"
"match-number-range","https://github.com/byuitechops/match-number-range.git",0,"https://github.com/byuitechops/match-number-range"
"country-of-the-day","https://github.com/byuitechops/country-of-the-day.git",0,"https://github.com/byuitechops/country-of-the-day"
"progress-map","https://github.com/byuitechops/progress-map.git",2,"https://github.com/byuitechops/progress-map"
"d2l-quiz-settings-report","https://github.com/byuitechops/d2l-quiz-settings-report.git",1,"https://github.com/byuitechops/d2l-quiz-settings-report"
"avatar-SCORM","https://github.com/byuitechops/avatar-SCORM.git",1,"https://github.com/byuitechops/avatar-SCORM"
"daily-time-log","https://github.com/byuitechops/daily-time-log.git",2,"https://github.com/byuitechops/daily-time-log"
"function-machine","https://github.com/byuitechops/function-machine.git",1,"https://github.com/byuitechops/function-machine"
"scorm-template","https://github.com/byuitechops/scorm-template.git",0,"https://github.com/byuitechops/scorm-template"
"learning-promises","https://github.com/byuitechops/learning-promises.git",0,"https://github.com/byuitechops/learning-promises"
"sample-banners","https://github.com/byuitechops/sample-banners.git",0,"https://github.com/byuitechops/sample-banners"
"csv-mapleta-to-d2l","https://github.com/byuitechops/csv-mapleta-to-d2l.git",2,"https://github.com/byuitechops/csv-mapleta-to-d2l"
"animated-function-plotter","https://github.com/byuitechops/animated-function-plotter.git",0,"https://github.com/byuitechops/animated-function-plotter"
"make-gif-list","https://github.com/byuitechops/make-gif-list.git",0,"https://github.com/byuitechops/make-gif-list"
"gamification-with-units","https://github.com/byuitechops/gamification-with-units.git",3,"https://github.com/byuitechops/gamification-with-units"
"temp-gameification","https://github.com/byuitechops/temp-gameification.git",0,"https://github.com/byuitechops/temp-gameification"
"valence","https://github.com/byuitechops/valence.git",2,"https://github.com/byuitechops/valence"
"gamification-space","https://github.com/byuitechops/gamification-space.git",0,"https://github.com/byuitechops/gamification-space"
"english-assessment","https://github.com/byuitechops/english-assessment.git",1,"https://github.com/byuitechops/english-assessment"
"drop-down","https://github.com/byuitechops/drop-down.git",1,"https://github.com/byuitechops/drop-down"
"fd209-sim-demo-","https://github.com/byuitechops/fd209-sim-demo-.git",0,"https://github.com/byuitechops/fd209-sim-demo-"
"portfolio-generator","https://github.com/byuitechops/portfolio-generator.git",0,"https://github.com/byuitechops/portfolio-generator"
"drop-down-done-buttons","https://github.com/byuitechops/drop-down-done-buttons.git",0,"https://github.com/byuitechops/drop-down-done-buttons"
"leaky-cauldron","https://github.com/byuitechops/leaky-cauldron.git",0,"https://github.com/byuitechops/leaky-cauldron"
"animation-demo","https://github.com/byuitechops/animation-demo.git",0,"https://github.com/byuitechops/animation-demo"
"planet-simulator","https://github.com/byuitechops/planet-simulator.git",11,"https://github.com/byuitechops/planet-simulator"
"leaky-cauldron-data-extractor","https://github.com/byuitechops/leaky-cauldron-data-extractor.git",0,"https://github.com/byuitechops/leaky-cauldron-data-extractor"
"course-search","https://github.com/byuitechops/course-search.git",5,"https://github.com/byuitechops/course-search"
"get-csv","https://github.com/byuitechops/get-csv.git",0,"https://github.com/byuitechops/get-csv"
"everest","https://github.com/byuitechops/everest.git",0,"https://github.com/byuitechops/everest"
"gregorio","https://github.com/byuitechops/gregorio.git",0,"https://github.com/byuitechops/gregorio"
"image-retriever","https://github.com/byuitechops/image-retriever.git",1,"https://github.com/byuitechops/image-retriever"
"d2l-locker-api","https://github.com/byuitechops/d2l-locker-api.git",0,"https://github.com/byuitechops/d2l-locker-api"
"code-editor-in-lms","https://github.com/byuitechops/code-editor-in-lms.git",11,"https://github.com/byuitechops/code-editor-in-lms"
"digging-deeper","https://github.com/byuitechops/digging-deeper.git",3,"https://github.com/byuitechops/digging-deeper"
"browser-automation","https://github.com/byuitechops/browser-automation.git",0,"https://github.com/byuitechops/browser-automation"
"nightmare-before-christmas","https://github.com/byuitechops/nightmare-before-christmas.git",6,"https://github.com/byuitechops/nightmare-before-christmas"
"nightmare-helpers","https://github.com/byuitechops/nightmare-helpers.git",0,"https://github.com/byuitechops/nightmare-helpers"
"check-gradebook","https://github.com/byuitechops/check-gradebook.git",4,"https://github.com/byuitechops/check-gradebook"
"web-features","https://github.com/byuitechops/web-features.git",0,"https://github.com/byuitechops/web-features"
"ilearn-template","https://github.com/byuitechops/ilearn-template.git",0,"https://github.com/byuitechops/ilearn-template"
"cmd-settings","https://github.com/byuitechops/cmd-settings.git",0,"https://github.com/byuitechops/cmd-settings"
"jspdf-example","https://github.com/byuitechops/jspdf-example.git",0,"https://github.com/byuitechops/jspdf-example"
"project-tracker","https://github.com/byuitechops/project-tracker.git",12,"https://github.com/byuitechops/project-tracker"
"tech-ops-tool","https://github.com/byuitechops/tech-ops-tool.git",0,"https://github.com/byuitechops/tech-ops-tool"
"portfolio-display","https://github.com/byuitechops/portfolio-display.git",0,"https://github.com/byuitechops/portfolio-display"
"portfolio-modifier","https://github.com/byuitechops/portfolio-modifier.git",0,"https://github.com/byuitechops/portfolio-modifier"
"release-final-grades","https://github.com/byuitechops/release-final-grades.git",0,"https://github.com/byuitechops/release-final-grades"
"course-list-generator","https://github.com/byuitechops/course-list-generator.git",1,"https://github.com/byuitechops/course-list-generator"
"temp-template-changer-docs","https://github.com/byuitechops/temp-template-changer-docs.git",0,"https://github.com/byuitechops/temp-template-changer-docs"
"bce-csv-generator","https://github.com/byuitechops/bce-csv-generator.git",0,"https://github.com/byuitechops/bce-csv-generator"
"phrase-finder","https://github.com/byuitechops/phrase-finder.git",0,"https://github.com/byuitechops/phrase-finder"
"inactive-student-finder","https://github.com/byuitechops/inactive-student-finder.git",1,"https://github.com/byuitechops/inactive-student-finder"
"adobe-api-runner","https://github.com/byuitechops/adobe-api-runner.git",0,"https://github.com/byuitechops/adobe-api-runner"
"live-development-server","https://github.com/byuitechops/live-development-server.git",0,"https://github.com/byuitechops/live-development-server"
"pressure-simulator","https://github.com/byuitechops/pressure-simulator.git",1,"https://github.com/byuitechops/pressure-simulator"
"museum-gamification","https://github.com/byuitechops/museum-gamification.git",0,"https://github.com/byuitechops/museum-gamification"
"english-connect","https://github.com/byuitechops/english-connect.git",13,"https://github.com/byuitechops/english-connect"
"for-the-strength-of-developers","https://github.com/byuitechops/for-the-strength-of-developers.git",5,"https://github.com/byuitechops/for-the-strength-of-developers"
"lti-first","https://github.com/byuitechops/lti-first.git",0,"https://github.com/byuitechops/lti-first"
"qualtrics-contact-sync","https://github.com/byuitechops/qualtrics-contact-sync.git",7,"https://github.com/byuitechops/qualtrics-contact-sync"
"find-intersection","https://github.com/byuitechops/find-intersection.git",0,"https://github.com/byuitechops/find-intersection"
"spotlight","https://github.com/byuitechops/spotlight.git",0,"https://github.com/byuitechops/spotlight"
"lti-second","https://github.com/byuitechops/lti-second.git",0,"https://github.com/byuitechops/lti-second"
"noggl","https://github.com/byuitechops/noggl.git",0,"https://github.com/byuitechops/noggl"
"cookie-monster","https://github.com/byuitechops/cookie-monster.git",0,"https://github.com/byuitechops/cookie-monster"
"learnosity-lti-server","https://github.com/byuitechops/learnosity-lti-server.git",0,"https://github.com/byuitechops/learnosity-lti-server"
"valenceHistory","https://github.com/byuitechops/valenceHistory.git",0,"https://github.com/byuitechops/valenceHistory"
"eci-dashboard-docs","https://github.com/byuitechops/eci-dashboard-docs.git",1,"https://github.com/byuitechops/eci-dashboard-docs"
"eric-rainbow-kitten","https://github.com/byuitechops/eric-rainbow-kitten.git",0,"https://github.com/byuitechops/eric-rainbow-kitten"
"ilearn-tools","https://github.com/byuitechops/ilearn-tools.git",1,"https://github.com/byuitechops/ilearn-tools"
"digging-deeper-development","https://github.com/byuitechops/digging-deeper-development.git",0,"https://github.com/byuitechops/digging-deeper-development"
"tech-ops-portal","https://github.com/byuitechops/tech-ops-portal.git",0,"https://github.com/byuitechops/tech-ops-portal"
"barker-proof-of-concept","https://github.com/byuitechops/barker-proof-of-concept.git",2,"https://github.com/byuitechops/barker-proof-of-concept"
"nightmarejs-demo","https://github.com/byuitechops/nightmarejs-demo.git",0,"https://github.com/byuitechops/nightmarejs-demo"
"fix-final-grade-scale","https://github.com/byuitechops/fix-final-grade-scale.git",4,"https://github.com/byuitechops/fix-final-grade-scale"
"Math-Course-Editor-Renamer","https://github.com/byuitechops/Math-Course-Editor-Renamer.git",0,"https://github.com/byuitechops/Math-Course-Editor-Renamer"
"csv-to-table","https://github.com/byuitechops/csv-to-table.git",6,"https://github.com/byuitechops/csv-to-table"
"new-compuer-initializor","https://github.com/byuitechops/new-compuer-initializor.git",2,"https://github.com/byuitechops/new-compuer-initializor"
"d2l-hacker","https://github.com/byuitechops/d2l-hacker.git",0,"https://github.com/byuitechops/d2l-hacker"
"digging-deeper-videos-fix","https://github.com/byuitechops/digging-deeper-videos-fix.git",0,"https://github.com/byuitechops/digging-deeper-videos-fix"
"example-project","https://github.com/byuitechops/example-project.git",3,"https://github.com/byuitechops/example-project"
"planet-simulator-v2","https://github.com/byuitechops/planet-simulator-v2.git",11,"https://github.com/byuitechops/planet-simulator-v2"
"get-data-from-canvas","https://github.com/byuitechops/get-data-from-canvas.git",1,"https://github.com/byuitechops/get-data-from-canvas"
"learnosity-to-qti","https://github.com/byuitechops/learnosity-to-qti.git",0,"https://github.com/byuitechops/learnosity-to-qti"
"english-eci-pdf-to-html","https://github.com/byuitechops/english-eci-pdf-to-html.git",0,"https://github.com/byuitechops/english-eci-pdf-to-html"
"canvas-api-wrapper","https://github.com/byuitechops/canvas-api-wrapper.git",12,"https://github.com/byuitechops/canvas-api-wrapper"
"harvard-nightmare","https://github.com/byuitechops/harvard-nightmare.git",0,"https://github.com/byuitechops/harvard-nightmare"
"d2l-tinder","https://github.com/byuitechops/d2l-tinder.git",0,"https://github.com/byuitechops/d2l-tinder"
"get-d2l-course-html-pages","https://github.com/byuitechops/get-d2l-course-html-pages.git",2,"https://github.com/byuitechops/get-d2l-course-html-pages"
"get-canvas-quizzes","https://github.com/byuitechops/get-canvas-quizzes.git",0,"https://github.com/byuitechops/get-canvas-quizzes"
"canvas-pagination","https://github.com/byuitechops/canvas-pagination.git",2,"https://github.com/byuitechops/canvas-pagination"
"delete-reflection-quiz-questions","https://github.com/byuitechops/delete-reflection-quiz-questions.git",0,"https://github.com/byuitechops/delete-reflection-quiz-questions"
"d2l-broken-links","https://github.com/byuitechops/d2l-broken-links.git",0,"https://github.com/byuitechops/d2l-broken-links"
"canvas-web-features","https://github.com/byuitechops/canvas-web-features.git",0,"https://github.com/byuitechops/canvas-web-features"
"d2l-cavnas-quicklinks-fixer","https://github.com/byuitechops/d2l-cavnas-quicklinks-fixer.git",4,"https://github.com/byuitechops/d2l-cavnas-quicklinks-fixer"
"d2l-export-scraper","https://github.com/byuitechops/d2l-export-scraper.git",0,"https://github.com/byuitechops/d2l-export-scraper"
"content_editor_v1","https://github.com/byuitechops/content_editor_v1.git",0,"https://github.com/byuitechops/content_editor_v1"
"maintenance-log","https://github.com/byuitechops/maintenance-log.git",0,"https://github.com/byuitechops/maintenance-log"
"upload-course-to-canvas","https://github.com/byuitechops/upload-course-to-canvas.git",0,"https://github.com/byuitechops/upload-course-to-canvas"
"canvas-pagesandfiles","https://github.com/byuitechops/canvas-pagesandfiles.git",1,"https://github.com/byuitechops/canvas-pagesandfiles"
"copy-publish-settings","https://github.com/byuitechops/copy-publish-settings.git",0,"https://github.com/byuitechops/copy-publish-settings"
"english-connect-novice","https://github.com/byuitechops/english-connect-novice.git",1,"https://github.com/byuitechops/english-connect-novice"
"content_editor_v2","https://github.com/byuitechops/content_editor_v2.git",0,"https://github.com/byuitechops/content_editor_v2"
"get-trello-cards","https://github.com/byuitechops/get-trello-cards.git",0,"https://github.com/byuitechops/get-trello-cards"
"byuitechops.github.io","https://github.com/byuitechops/byuitechops.github.io.git",0,"https://github.com/byuitechops/byuitechops.github.io"
"d2l-turnitin-finder","https://github.com/byuitechops/d2l-turnitin-finder.git",0,"https://github.com/byuitechops/d2l-turnitin-finder"
"EC3-POC2","https://github.com/byuitechops/EC3-POC2.git",7,"https://github.com/byuitechops/EC3-POC2"
"imageRetrieverData-toCSV","https://github.com/byuitechops/imageRetrieverData-toCSV.git",0,"https://github.com/byuitechops/imageRetrieverData-toCSV"
"d2l-webdav-file-finder","https://github.com/byuitechops/d2l-webdav-file-finder.git",0,"https://github.com/byuitechops/d2l-webdav-file-finder"
"check_for_buttons","https://github.com/byuitechops/check_for_buttons.git",0,"https://github.com/byuitechops/check_for_buttons"
"web-file-finder","https://github.com/byuitechops/web-file-finder.git",0,"https://github.com/byuitechops/web-file-finder"
"d2l-pages-search","https://github.com/byuitechops/d2l-pages-search.git",2,"https://github.com/byuitechops/d2l-pages-search"
"add-student-phones-to-pathway","https://github.com/byuitechops/add-student-phones-to-pathway.git",1,"https://github.com/byuitechops/add-student-phones-to-pathway"
"gradebook-feedback-extension","https://github.com/byuitechops/gradebook-feedback-extension.git",0,"https://github.com/byuitechops/gradebook-feedback-extension"
"edit-files-extension","https://github.com/byuitechops/edit-files-extension.git",0,"https://github.com/byuitechops/edit-files-extension"
"video-gui","https://github.com/byuitechops/video-gui.git",1,"https://github.com/byuitechops/video-gui"
"encoding-fixer","https://github.com/byuitechops/encoding-fixer.git",0,"https://github.com/byuitechops/encoding-fixer"
"csv-editor","https://github.com/byuitechops/csv-editor.git",0,"https://github.com/byuitechops/csv-editor"
"course-list-generator-api","https://github.com/byuitechops/course-list-generator-api.git",1,"https://github.com/byuitechops/course-list-generator-api"
"d2l-to-canvas-conversion-tool","https://github.com/byuitechops/d2l-to-canvas-conversion-tool.git",94,"https://github.com/byuitechops/d2l-to-canvas-conversion-tool"
"byui-content-lti","https://github.com/byuitechops/byui-content-lti.git",0,"https://github.com/byuitechops/byui-content-lti"
"repeat-timer","https://github.com/byuitechops/repeat-timer.git",2,"https://github.com/byuitechops/repeat-timer"
"d2l-course-downloader","https://github.com/byuitechops/d2l-course-downloader.git",2,"https://github.com/byuitechops/d2l-course-downloader"
"canvas-wrapper","https://github.com/byuitechops/canvas-wrapper.git",0,"https://github.com/byuitechops/canvas-wrapper"
"set-syllabus","https://github.com/byuitechops/set-syllabus.git",2,"https://github.com/byuitechops/set-syllabus"
"byui-design-lti","https://github.com/byuitechops/byui-design-lti.git",5,"https://github.com/byuitechops/byui-design-lti"
"child-development-kit","https://github.com/byuitechops/child-development-kit.git",4,"https://github.com/byuitechops/child-development-kit"
"create-course-object","https://github.com/byuitechops/create-course-object.git",1,"https://github.com/byuitechops/create-course-object"
"index-directory","https://github.com/byuitechops/index-directory.git",0,"https://github.com/byuitechops/index-directory"
"set-file-paths","https://github.com/byuitechops/set-file-paths.git",0,"https://github.com/byuitechops/set-file-paths"
"unzip","https://github.com/byuitechops/unzip.git",0,"https://github.com/byuitechops/unzip"
"write-course","https://github.com/byuitechops/write-course.git",0,"https://github.com/byuitechops/write-course"
"zip","https://github.com/byuitechops/zip.git",0,"https://github.com/byuitechops/zip"
"create-course","https://github.com/byuitechops/create-course.git",0,"https://github.com/byuitechops/create-course"
"get-migration-issues","https://github.com/byuitechops/get-migration-issues.git",1,"https://github.com/byuitechops/get-migration-issues"
"upload-course","https://github.com/byuitechops/upload-course.git",1,"https://github.com/byuitechops/upload-course"
"delete-course","https://github.com/byuitechops/delete-course.git",0,"https://github.com/byuitechops/delete-course"
"remove-files","https://github.com/byuitechops/remove-files.git",0,"https://github.com/byuitechops/remove-files"
"same-module-multicall-example","https://github.com/byuitechops/same-module-multicall-example.git",0,"https://github.com/byuitechops/same-module-multicall-example"
"course-object-verifier","https://github.com/byuitechops/course-object-verifier.git",0,"https://github.com/byuitechops/course-object-verifier"
"child-template","https://github.com/byuitechops/child-template.git",0,"https://github.com/byuitechops/child-template"
"quiz-fix-overlay","https://github.com/byuitechops/quiz-fix-overlay.git",0,"https://github.com/byuitechops/quiz-fix-overlay"
"svg-cleaner","https://github.com/byuitechops/svg-cleaner.git",0,"https://github.com/byuitechops/svg-cleaner"
"canvas-gauntlet-ous","https://github.com/byuitechops/canvas-gauntlet-ous.git",0,"https://github.com/byuitechops/canvas-gauntlet-ous"
"d2l-course-content-report","https://github.com/byuitechops/d2l-course-content-report.git",0,"https://github.com/byuitechops/d2l-course-content-report"
"copy-a-canvas-course","https://github.com/byuitechops/copy-a-canvas-course.git",0,"https://github.com/byuitechops/copy-a-canvas-course"
"files-find-used-content","https://github.com/byuitechops/files-find-used-content.git",3,"https://github.com/byuitechops/files-find-used-content"
"Instruction-Page-Templates","https://github.com/byuitechops/Instruction-Page-Templates.git",0,"https://github.com/byuitechops/Instruction-Page-Templates"
"reorganize-file-structure","https://github.com/byuitechops/reorganize-file-structure.git",0,"https://github.com/byuitechops/reorganize-file-structure"
"cm-adobe-zoom","https://github.com/byuitechops/cm-adobe-zoom.git",0,"https://github.com/byuitechops/cm-adobe-zoom"
"get-time-from-toggle","https://github.com/byuitechops/get-time-from-toggle.git",0,"https://github.com/byuitechops/get-time-from-toggle"
"quiz-rel-cleaner","https://github.com/byuitechops/quiz-rel-cleaner.git",0,"https://github.com/byuitechops/quiz-rel-cleaner"
"module-headings","https://github.com/byuitechops/module-headings.git",0,"https://github.com/byuitechops/module-headings"
"module-publish-settings","https://github.com/byuitechops/module-publish-settings.git",0,"https://github.com/byuitechops/module-publish-settings"
"ilearn-3-references","https://github.com/byuitechops/ilearn-3-references.git",0,"https://github.com/byuitechops/ilearn-3-references"
"set-navigation-tabs","https://github.com/byuitechops/set-navigation-tabs.git",1,"https://github.com/byuitechops/set-navigation-tabs"
"course-file-quicklinks","https://github.com/byuitechops/course-file-quicklinks.git",0,"https://github.com/byuitechops/course-file-quicklinks"
"delete-duplicate-files","https://github.com/byuitechops/delete-duplicate-files.git",0,"https://github.com/byuitechops/delete-duplicate-files"
"make-time-delay","https://github.com/byuitechops/make-time-delay.git",0,"https://github.com/byuitechops/make-time-delay"
"course-file-videos","https://github.com/byuitechops/course-file-videos.git",0,"https://github.com/byuitechops/course-file-videos"
"byui-link-generator","https://github.com/byuitechops/byui-link-generator.git",0,"https://github.com/byuitechops/byui-link-generator"
"delete-questions-and-conversations","https://github.com/byuitechops/delete-questions-and-conversations.git",0,"https://github.com/byuitechops/delete-questions-and-conversations"
"unpublish-lesson-notes","https://github.com/byuitechops/unpublish-lesson-notes.git",0,"https://github.com/byuitechops/unpublish-lesson-notes"
"course-make-blueprint","https://github.com/byuitechops/course-make-blueprint.git",1,"https://github.com/byuitechops/course-make-blueprint"
"canvas-look-and-feel","https://github.com/byuitechops/canvas-look-and-feel.git",0,"https://github.com/byuitechops/canvas-look-and-feel"
"blueprint-lock-items","https://github.com/byuitechops/blueprint-lock-items.git",0,"https://github.com/byuitechops/blueprint-lock-items"
"web-features-update","https://github.com/byuitechops/web-features-update.git",0,"https://github.com/byuitechops/web-features-update"
"disperse-welcome-folder","https://github.com/byuitechops/disperse-welcome-folder.git",0,"https://github.com/byuitechops/disperse-welcome-folder"
"find-quiz-regex","https://github.com/byuitechops/find-quiz-regex.git",0,"https://github.com/byuitechops/find-quiz-regex"
"target-attribute","https://github.com/byuitechops/target-attribute.git",0,"https://github.com/byuitechops/target-attribute"
"create-homepage","https://github.com/byuitechops/create-homepage.git",0,"https://github.com/byuitechops/create-homepage"
"puppeteer-add-maintenance-log","https://github.com/byuitechops/puppeteer-add-maintenance-log.git",0,"https://github.com/byuitechops/puppeteer-add-maintenance-log"
"ec3-quiz-design","https://github.com/byuitechops/ec3-quiz-design.git",0,"https://github.com/byuitechops/ec3-quiz-design"
"check-alt-property","https://github.com/byuitechops/check-alt-property.git",0,"https://github.com/byuitechops/check-alt-property"
"sync-d2l-groups","https://github.com/byuitechops/sync-d2l-groups.git",3,"https://github.com/byuitechops/sync-d2l-groups"
"assignments-delete-unwanted","https://github.com/byuitechops/assignments-delete-unwanted.git",0,"https://github.com/byuitechops/assignments-delete-unwanted"
"match-question-answers","https://github.com/byuitechops/match-question-answers.git",0,"https://github.com/byuitechops/match-question-answers"
"notes-from-instructor","https://github.com/byuitechops/notes-from-instructor.git",1,"https://github.com/byuitechops/notes-from-instructor"
"fix-broken-image-links","https://github.com/byuitechops/fix-broken-image-links.git",0,"https://github.com/byuitechops/fix-broken-image-links"
"header-project-math108","https://github.com/byuitechops/header-project-math108.git",0,"https://github.com/byuitechops/header-project-math108"
"course-list-tool3.0","https://github.com/byuitechops/course-list-tool3.0.git",2,"https://github.com/byuitechops/course-list-tool3.0"
"question-issues-report","https://github.com/byuitechops/question-issues-report.git",0,"https://github.com/byuitechops/question-issues-report"
"Virtual-Gathering-Puppeteer","https://github.com/byuitechops/Virtual-Gathering-Puppeteer.git",4,"https://github.com/byuitechops/Virtual-Gathering-Puppeteer"
"quiz-point-values","https://github.com/byuitechops/quiz-point-values.git",0,"https://github.com/byuitechops/quiz-point-values"
"setup-instructor-resources","https://github.com/byuitechops/setup-instructor-resources.git",0,"https://github.com/byuitechops/setup-instructor-resources"
"quiz-instructions","https://github.com/byuitechops/quiz-instructions.git",0,"https://github.com/byuitechops/quiz-instructions"
"ec3-photo-loader","https://github.com/byuitechops/ec3-photo-loader.git",0,"https://github.com/byuitechops/ec3-photo-loader"
"groups-bridge","https://github.com/byuitechops/groups-bridge.git",2,"https://github.com/byuitechops/groups-bridge"
"Array-functions","https://github.com/byuitechops/Array-functions.git",0,"https://github.com/byuitechops/Array-functions"
"repair-quicklinks","https://github.com/byuitechops/repair-quicklinks.git",0,"https://github.com/byuitechops/repair-quicklinks"
"delete-this-repo","https://github.com/byuitechops/delete-this-repo.git",0,"https://github.com/byuitechops/delete-this-repo"
"d2l-login","https://github.com/byuitechops/d2l-login.git",0,"https://github.com/byuitechops/d2l-login"
"assignment-categories","https://github.com/byuitechops/assignment-categories.git",0,"https://github.com/byuitechops/assignment-categories"
"course-settings","https://github.com/byuitechops/course-settings.git",2,"https://github.com/byuitechops/course-settings"
"canvas-course-scrubber","https://github.com/byuitechops/canvas-course-scrubber.git",0,"https://github.com/byuitechops/canvas-course-scrubber"
"change-setup-notes","https://github.com/byuitechops/change-setup-notes.git",0,"https://github.com/byuitechops/change-setup-notes"
"canvas-add-student-data","https://github.com/byuitechops/canvas-add-student-data.git",4,"https://github.com/byuitechops/canvas-add-student-data"
"puppeteer-release-final-grade","https://github.com/byuitechops/puppeteer-release-final-grade.git",0,"https://github.com/byuitechops/puppeteer-release-final-grade"
"action-series-pages","https://github.com/byuitechops/action-series-pages.git",0,"https://github.com/byuitechops/action-series-pages"
"d2l-null-submit-finder","https://github.com/byuitechops/d2l-null-submit-finder.git",3,"https://github.com/byuitechops/d2l-null-submit-finder"
"prompt-for-alt-attributes","https://github.com/byuitechops/prompt-for-alt-attributes.git",3,"https://github.com/byuitechops/prompt-for-alt-attributes"
"action-series-module-items","https://github.com/byuitechops/action-series-module-items.git",2,"https://github.com/byuitechops/action-series-module-items"
"remove-blank-page-headers","https://github.com/byuitechops/remove-blank-page-headers.git",0,"https://github.com/byuitechops/remove-blank-page-headers"
"action-series-master","https://github.com/byuitechops/action-series-master.git",0,"https://github.com/byuitechops/action-series-master"
"design-lti-ng","https://github.com/byuitechops/design-lti-ng.git",16,"https://github.com/byuitechops/design-lti-ng"
"world-map-info","https://github.com/byuitechops/world-map-info.git",0,"https://github.com/byuitechops/world-map-info"
"action-series-files","https://github.com/byuitechops/action-series-files.git",0,"https://github.com/byuitechops/action-series-files"
"action-series-modules","https://github.com/byuitechops/action-series-modules.git",0,"https://github.com/byuitechops/action-series-modules"
"action-series-discussions","https://github.com/byuitechops/action-series-discussions.git",0,"https://github.com/byuitechops/action-series-discussions"
"action-series-quizzes","https://github.com/byuitechops/action-series-quizzes.git",0,"https://github.com/byuitechops/action-series-quizzes"
"action-series-quiz-questions","https://github.com/byuitechops/action-series-quiz-questions.git",0,"https://github.com/byuitechops/action-series-quiz-questions"
"action-series-assignments","https://github.com/byuitechops/action-series-assignments.git",0,"https://github.com/byuitechops/action-series-assignments"
"d3-countries-map","https://github.com/byuitechops/d3-countries-map.git",5,"https://github.com/byuitechops/d3-countries-map"
"ning-scraper","https://github.com/byuitechops/ning-scraper.git",2,"https://github.com/byuitechops/ning-scraper"
"do-you-know-the-async-node-pattern","https://github.com/byuitechops/do-you-know-the-async-node-pattern.git",0,"https://github.com/byuitechops/do-you-know-the-async-node-pattern"
"logger","https://github.com/byuitechops/logger.git",1,"https://github.com/byuitechops/logger"
"course-sync-blueprint","https://github.com/byuitechops/course-sync-blueprint.git",0,"https://github.com/byuitechops/course-sync-blueprint"
"byui-canvas-theme","https://github.com/byuitechops/byui-canvas-theme.git",14,"https://github.com/byuitechops/byui-canvas-theme"
"canvas-quiz-search-tool","https://github.com/byuitechops/canvas-quiz-search-tool.git",0,"https://github.com/byuitechops/canvas-quiz-search-tool"
"fix-canvas-quizzes-with-update-hack","https://github.com/byuitechops/fix-canvas-quizzes-with-update-hack.git",1,"https://github.com/byuitechops/fix-canvas-quizzes-with-update-hack"
"course-make-backup","https://github.com/byuitechops/course-make-backup.git",0,"https://github.com/byuitechops/course-make-backup"
"canvas-copy-groups","https://github.com/byuitechops/canvas-copy-groups.git",0,"https://github.com/byuitechops/canvas-copy-groups"
"fix-broken-eyes","https://github.com/byuitechops/fix-broken-eyes.git",1,"https://github.com/byuitechops/fix-broken-eyes"
"generate-headers","https://github.com/byuitechops/generate-headers.git",1,"https://github.com/byuitechops/generate-headers"
"canvas-make-sections","https://github.com/byuitechops/canvas-make-sections.git",0,"https://github.com/byuitechops/canvas-make-sections"
"ec3-csv-to-canvas","https://github.com/byuitechops/ec3-csv-to-canvas.git",9,"https://github.com/byuitechops/ec3-csv-to-canvas"
"code-design-word-search","https://github.com/byuitechops/code-design-word-search.git",0,"https://github.com/byuitechops/code-design-word-search"
"projects","https://github.com/byuitechops/projects.git",302,"https://github.com/byuitechops/projects"
"course-description","https://github.com/byuitechops/course-description.git",0,"https://github.com/byuitechops/course-description"
"BYUI-Canvas-Admin-Tools","https://github.com/byuitechops/BYUI-Canvas-Admin-Tools.git",0,"https://github.com/byuitechops/BYUI-Canvas-Admin-Tools"
"katana","https://github.com/byuitechops/katana.git",68,"https://github.com/byuitechops/katana"
"report-html-tags","https://github.com/byuitechops/report-html-tags.git",0,"https://github.com/byuitechops/report-html-tags"
"add-course-maintenance-log","https://github.com/byuitechops/add-course-maintenance-log.git",0,"https://github.com/byuitechops/add-course-maintenance-log"
"EC3-course-portal-with-CSS-framework","https://github.com/byuitechops/EC3-course-portal-with-CSS-framework.git",2,"https://github.com/byuitechops/EC3-course-portal-with-CSS-framework"
"icebreaker-discussion","https://github.com/byuitechops/icebreaker-discussion.git",0,"https://github.com/byuitechops/icebreaker-discussion"
"canvas-question-banks","https://github.com/byuitechops/canvas-question-banks.git",1,"https://github.com/byuitechops/canvas-question-banks"
"pin-discussion-boards","https://github.com/byuitechops/pin-discussion-boards.git",0,"https://github.com/byuitechops/pin-discussion-boards"
"course-standards-checker","https://github.com/byuitechops/course-standards-checker.git",3,"https://github.com/byuitechops/course-standards-checker"
"delete-this-repository","https://github.com/byuitechops/delete-this-repository.git",0,"https://github.com/byuitechops/delete-this-repository"
"list-module-items","https://github.com/byuitechops/list-module-items.git",0,"https://github.com/byuitechops/list-module-items"
"csv-to-css","https://github.com/byuitechops/csv-to-css.git",1,"https://github.com/byuitechops/csv-to-css"
"manage-assignment-categories","https://github.com/byuitechops/manage-assignment-categories.git",0,"https://github.com/byuitechops/manage-assignment-categories"
"find-duplicate-files","https://github.com/byuitechops/find-duplicate-files.git",0,"https://github.com/byuitechops/find-duplicate-files"
"module-item-requirements","https://github.com/byuitechops/module-item-requirements.git",0,"https://github.com/byuitechops/module-item-requirements"
"textbook-access","https://github.com/byuitechops/textbook-access.git",0,"https://github.com/byuitechops/textbook-access"
"fix-equella-links","https://github.com/byuitechops/fix-equella-links.git",0,"https://github.com/byuitechops/fix-equella-links"
"d2l-replace-end-of-course-evaluation-links","https://github.com/byuitechops/d2l-replace-end-of-course-evaluation-links.git",0,"https://github.com/byuitechops/d2l-replace-end-of-course-evaluation-links"
"update-canvas-pages","https://github.com/byuitechops/update-canvas-pages.git",1,"https://github.com/byuitechops/update-canvas-pages"
"random-sections-check","https://github.com/byuitechops/random-sections-check.git",0,"https://github.com/byuitechops/random-sections-check"
"mismatched-quiz-points","https://github.com/byuitechops/mismatched-quiz-points.git",0,"https://github.com/byuitechops/mismatched-quiz-points"
"question-count","https://github.com/byuitechops/question-count.git",0,"https://github.com/byuitechops/question-count"
"quiz-time-limit","https://github.com/byuitechops/quiz-time-limit.git",0,"https://github.com/byuitechops/quiz-time-limit"
"toggl-collection","https://github.com/byuitechops/toggl-collection.git",0,"https://github.com/byuitechops/toggl-collection"
"sandboxness","https://github.com/byuitechops/sandboxness.git",0,"https://github.com/byuitechops/sandboxness"
"build-file-structure","https://github.com/byuitechops/build-file-structure.git",2,"https://github.com/byuitechops/build-file-structure"
"campus-standard-modules","https://github.com/byuitechops/campus-standard-modules.git",0,"https://github.com/byuitechops/campus-standard-modules"
"regex-from-number-range","https://github.com/byuitechops/regex-from-number-range.git",0,"https://github.com/byuitechops/regex-from-number-range"
"unassociated-grade-items","https://github.com/byuitechops/unassociated-grade-items.git",0,"https://github.com/byuitechops/unassociated-grade-items"
"csv-html-splitter","https://github.com/byuitechops/csv-html-splitter.git",0,"https://github.com/byuitechops/csv-html-splitter"
"program-visualization","https://github.com/byuitechops/program-visualization.git",3,"https://github.com/byuitechops/program-visualization"
"drive","https://github.com/byuitechops/drive.git",0,"https://github.com/byuitechops/drive"
"csv-reducer","https://github.com/byuitechops/csv-reducer.git",0,"https://github.com/byuitechops/csv-reducer"
"katana-firebase-functions","https://github.com/byuitechops/katana-firebase-functions.git",0,"https://github.com/byuitechops/katana-firebase-functions"
"mid-course-evaluation-links","https://github.com/byuitechops/mid-course-evaluation-links.git",0,"https://github.com/byuitechops/mid-course-evaluation-links"
"remove-dateless-events","https://github.com/byuitechops/remove-dateless-events.git",0,"https://github.com/byuitechops/remove-dateless-events"
"csv-converter-maple-ta","https://github.com/byuitechops/csv-converter-maple-ta.git",2,"https://github.com/byuitechops/csv-converter-maple-ta"
"canvas-course-exporter","https://github.com/byuitechops/canvas-course-exporter.git",2,"https://github.com/byuitechops/canvas-course-exporter"
"firebase-database-exporter","https://github.com/byuitechops/firebase-database-exporter.git",0,"https://github.com/byuitechops/firebase-database-exporter"
"grid-icons","https://github.com/byuitechops/grid-icons.git",0,"https://github.com/byuitechops/grid-icons"
"canvas-course-list-generator","https://github.com/byuitechops/canvas-course-list-generator.git",0,"https://github.com/byuitechops/canvas-course-list-generator"
"canvas-course-active-nav-tabs","https://github.com/byuitechops/canvas-course-active-nav-tabs.git",0,"https://github.com/byuitechops/canvas-course-active-nav-tabs"
"canvas-quiz-getter","https://github.com/byuitechops/canvas-quiz-getter.git",0,"https://github.com/byuitechops/canvas-quiz-getter"
"course-structure-to-csv","https://github.com/byuitechops/course-structure-to-csv.git",0,"https://github.com/byuitechops/course-structure-to-csv"
"byui-toolbox-markdown-documentation","https://github.com/byuitechops/byui-toolbox-markdown-documentation.git",0,"https://github.com/byuitechops/byui-toolbox-markdown-documentation"
"canvas-link-finder","https://github.com/byuitechops/canvas-link-finder.git",0,"https://github.com/byuitechops/canvas-link-finder"
"update-course-images","https://github.com/byuitechops/update-course-images.git",0,"https://github.com/byuitechops/update-course-images"
"run-link-validator","https://github.com/byuitechops/run-link-validator.git",0,"https://github.com/byuitechops/run-link-validator"
"canvas-everything-finder","https://github.com/byuitechops/canvas-everything-finder.git",0,"https://github.com/byuitechops/canvas-everything-finder"
"course-has-content","https://github.com/byuitechops/course-has-content.git",1,"https://github.com/byuitechops/course-has-content"
"create-feedback-module-items","https://github.com/byuitechops/create-feedback-module-items.git",0,"https://github.com/byuitechops/create-feedback-module-items"
"array-functions-ES6-ES5","https://github.com/byuitechops/array-functions-ES6-ES5.git",1,"https://github.com/byuitechops/array-functions-ES6-ES5"
"pristine-gauntlet-cleaner","https://github.com/byuitechops/pristine-gauntlet-cleaner.git",0,"https://github.com/byuitechops/pristine-gauntlet-cleaner"
"d2l-to-canvas-conversion-folder-setup","https://github.com/byuitechops/d2l-to-canvas-conversion-folder-setup.git",0,"https://github.com/byuitechops/d2l-to-canvas-conversion-folder-setup"
"repository-status-page","https://github.com/byuitechops/repository-status-page.git",0,"https://github.com/byuitechops/repository-status-page"
"project-documentation-generator","https://github.com/byuitechops/project-documentation-generator.git",0,"https://github.com/byuitechops/project-documentation-generator"
"city-organizer-old","https://github.com/byuitechops/city-organizer-old.git",0,"https://github.com/byuitechops/city-organizer-old"
"delete-me","https://github.com/byuitechops/delete-me.git",0,"https://github.com/byuitechops/delete-me"
"update-course-images-child","https://github.com/byuitechops/update-course-images-child.git",0,"https://github.com/byuitechops/update-course-images-child"
"generator-byui","https://github.com/byuitechops/generator-byui.git",10,"https://github.com/byuitechops/generator-byui"
"cs225-htmlbook-generator","https://github.com/byuitechops/cs225-htmlbook-generator.git",0,"https://github.com/byuitechops/cs225-htmlbook-generator"
"canvas-quiz-question-to-markdown","https://github.com/byuitechops/canvas-quiz-question-to-markdown.git",0,"https://github.com/byuitechops/canvas-quiz-question-to-markdown"
"attach-rubrics","https://github.com/byuitechops/attach-rubrics.git",0,"https://github.com/byuitechops/attach-rubrics"
"quiz-images","https://github.com/byuitechops/quiz-images.git",0,"https://github.com/byuitechops/quiz-images"
"mapleta-automate-setup","https://github.com/byuitechops/mapleta-automate-setup.git",0,"https://github.com/byuitechops/mapleta-automate-setup"
"Delete-This","https://github.com/byuitechops/Delete-This.git",0,"https://github.com/byuitechops/Delete-This"
"canvas-copy-groups-wrapper","https://github.com/byuitechops/canvas-copy-groups-wrapper.git",0,"https://github.com/byuitechops/canvas-copy-groups-wrapper"
"canvas-publish-courses","https://github.com/byuitechops/canvas-publish-courses.git",0,"https://github.com/byuitechops/canvas-publish-courses"
"class-email-list","https://github.com/byuitechops/class-email-list.git",0,"https://github.com/byuitechops/class-email-list"
"canvas-get-scaled-courses","https://github.com/byuitechops/canvas-get-scaled-courses.git",0,"https://github.com/byuitechops/canvas-get-scaled-courses"
"quiz-question-type-corrector","https://github.com/byuitechops/quiz-question-type-corrector.git",0,"https://github.com/byuitechops/quiz-question-type-corrector"
"canvas-quiz-data-reporter","https://github.com/byuitechops/canvas-quiz-data-reporter.git",0,"https://github.com/byuitechops/canvas-quiz-data-reporter"
"fix-multi-select-questions","https://github.com/byuitechops/fix-multi-select-questions.git",1,"https://github.com/byuitechops/fix-multi-select-questions"
"fix-ordering-questions","https://github.com/byuitechops/fix-ordering-questions.git",0,"https://github.com/byuitechops/fix-ordering-questions"
"canvas-course-list-getter-archive","https://github.com/byuitechops/canvas-course-list-getter-archive.git",1,"https://github.com/byuitechops/canvas-course-list-getter-archive"
"html-text-searcher","https://github.com/byuitechops/html-text-searcher.git",0,"https://github.com/byuitechops/html-text-searcher"
"course-visualization","https://github.com/byuitechops/course-visualization.git",14,"https://github.com/byuitechops/course-visualization"
"puppeteer-canvas-login","https://github.com/byuitechops/puppeteer-canvas-login.git",2,"https://github.com/byuitechops/puppeteer-canvas-login"
"d2l-gradebook-csv-to-canvas-gradebook-csv","https://github.com/byuitechops/d2l-gradebook-csv-to-canvas-gradebook-csv.git",0,"https://github.com/byuitechops/d2l-gradebook-csv-to-canvas-gradebook-csv"
"project-life-cycle","https://github.com/byuitechops/project-life-cycle.git",0,"https://github.com/byuitechops/project-life-cycle"
"read-in-csv","https://github.com/byuitechops/read-in-csv.git",0,"https://github.com/byuitechops/read-in-csv"
"canvas-cross-list","https://github.com/byuitechops/canvas-cross-list.git",0,"https://github.com/byuitechops/canvas-cross-list"
"github-to-tfs","https://github.com/byuitechops/github-to-tfs.git",0,"https://github.com/byuitechops/github-to-tfs"
"test-repo","https://github.com/byuitechops/test-repo.git",1,"https://github.com/byuitechops/test-repo"
"syllabus-search","https://github.com/byuitechops/syllabus-search.git",0,"https://github.com/byuitechops/syllabus-search"
"get-accounts","https://github.com/byuitechops/get-accounts.git",0,"https://github.com/byuitechops/get-accounts"
"course-diff-checker","https://github.com/byuitechops/course-diff-checker.git",0,"https://github.com/byuitechops/course-diff-checker"
"canvas-enroll-teachers","https://github.com/byuitechops/canvas-enroll-teachers.git",0,"https://github.com/byuitechops/canvas-enroll-teachers"
"canvas-link-validator-runner","https://github.com/byuitechops/canvas-link-validator-runner.git",0,"https://github.com/byuitechops/canvas-link-validator-runner"
"canvas-items-report","https://github.com/byuitechops/canvas-items-report.git",0,"https://github.com/byuitechops/canvas-items-report"
"parse-katana-firebase-reports","https://github.com/byuitechops/parse-katana-firebase-reports.git",0,"https://github.com/byuitechops/parse-katana-firebase-reports"
"schedule-scripts","https://github.com/byuitechops/schedule-scripts.git",0,"https://github.com/byuitechops/schedule-scripts"
"d2l-fdrel250-data-extraction","https://github.com/byuitechops/d2l-fdrel250-data-extraction.git",0,"https://github.com/byuitechops/d2l-fdrel250-data-extraction"
"the-wall-of-the-fallen","https://github.com/byuitechops/the-wall-of-the-fallen.git",0,"https://github.com/byuitechops/the-wall-of-the-fallen"
"canvas-enroll-students","https://github.com/byuitechops/canvas-enroll-students.git",0,"https://github.com/byuitechops/canvas-enroll-students"
"byui-node-release","https://github.com/byuitechops/byui-node-release.git",0,"https://github.com/byuitechops/byui-node-release"
"canvas-missing-groups","https://github.com/byuitechops/canvas-missing-groups.git",1,"https://github.com/byuitechops/canvas-missing-groups"
"check-user-sis-ids","https://github.com/byuitechops/check-user-sis-ids.git",0,"https://github.com/byuitechops/check-user-sis-ids"
"campus-cornerstone-correct-term","https://github.com/byuitechops/campus-cornerstone-correct-term.git",0,"https://github.com/byuitechops/campus-cornerstone-correct-term"
"course-settings-checker","https://github.com/byuitechops/course-settings-checker.git",0,"https://github.com/byuitechops/course-settings-checker"
"canvas-theme-status","https://github.com/byuitechops/canvas-theme-status.git",0,"https://github.com/byuitechops/canvas-theme-status"
"canvas-find-accordions","https://github.com/byuitechops/canvas-find-accordions.git",0,"https://github.com/byuitechops/canvas-find-accordions"
"training-city-organizer","https://github.com/byuitechops/training-city-organizer.git",0,"https://github.com/byuitechops/training-city-organizer"
"ecen160-html-quiz-tool-conversion","https://github.com/byuitechops/ecen160-html-quiz-tool-conversion.git",0,"https://github.com/byuitechops/ecen160-html-quiz-tool-conversion"
"ecen160-helper-page-css-fix","https://github.com/byuitechops/ecen160-helper-page-css-fix.git",0,"https://github.com/byuitechops/ecen160-helper-page-css-fix"
"canvas-feedback-popup","https://github.com/byuitechops/canvas-feedback-popup.git",0,"https://github.com/byuitechops/canvas-feedback-popup"
"canvas-course-list-getter","https://github.com/byuitechops/canvas-course-list-getter.git",0,"https://github.com/byuitechops/canvas-course-list-getter"
"canvas-question-bank-renamer","https://github.com/byuitechops/canvas-question-bank-renamer.git",0,"https://github.com/byuitechops/canvas-question-bank-renamer"
"fire-nation-canvas-to-csv","https://github.com/byuitechops/fire-nation-canvas-to-csv.git",0,"https://github.com/byuitechops/fire-nation-canvas-to-csv"
"air-nomads-canvas-to-CSV","https://github.com/byuitechops/air-nomads-canvas-to-CSV.git",0,"https://github.com/byuitechops/air-nomads-canvas-to-CSV"
"fix-textbook-audit-csv","https://github.com/byuitechops/fix-textbook-audit-csv.git",0,"https://github.com/byuitechops/fix-textbook-audit-csv"
"fire-nation-project2","https://github.com/byuitechops/fire-nation-project2.git",0,"https://github.com/byuitechops/fire-nation-project2"
"water-tribe-canvas-to-csv","https://github.com/byuitechops/water-tribe-canvas-to-csv.git",0,"https://github.com/byuitechops/water-tribe-canvas-to-csv"
"earth-kingdom-canvas-to-csv","https://github.com/byuitechops/earth-kingdom-canvas-to-csv.git",0,"https://github.com/byuitechops/earth-kingdom-canvas-to-csv"
"earth-kingdom-project2","https://github.com/byuitechops/earth-kingdom-project2.git",0,"https://github.com/byuitechops/earth-kingdom-project2"
"air-nomads-project2","https://github.com/byuitechops/air-nomads-project2.git",0,"https://github.com/byuitechops/air-nomads-project2"
"air-nomads-project-2-testz","https://github.com/byuitechops/air-nomads-project-2-testz.git",0,"https://github.com/byuitechops/air-nomads-project-2-testz"
"earth-kingdom-hello-world-audit","https://github.com/byuitechops/earth-kingdom-hello-world-audit.git",0,"https://github.com/byuitechops/earth-kingdom-hello-world-audit"
"canvas-api-wrapper-csharp","https://github.com/byuitechops/canvas-api-wrapper-csharp.git",0,"https://github.com/byuitechops/canvas-api-wrapper-csharp"
"audit-early-documentation","https://github.com/byuitechops/audit-early-documentation.git",0,"https://github.com/byuitechops/audit-early-documentation"
"group-audit","https://github.com/byuitechops/group-audit.git",0,"https://github.com/byuitechops/group-audit"
"get-new-gradebook-data","https://github.com/byuitechops/get-new-gradebook-data.git",0,"https://github.com/byuitechops/get-new-gradebook-data"
"Online Development Archive","https://github.com/byuitechops/Online-Development-Archive.git",1,"https://github.com/byuitechops/Online-Development-Archive"